Case,Observed_dataset,Emission_Compartment,Target_Compartment,RMSE,R2,Slope,Spearman_r,Pass_Spearman,MPdensity_kg_m3,FI,t_half_deg_free,t_frag_gen_FreeSurfaceWater
108,Sea Sediment | Bergmann,Coast_Column_Water,Sediment_Ocean,0.30684074773805725,-0.5423788652321704,-2.6551266593680283,-1.0,True,1334.8593797107026,0.269347719848156,2665.785176551722,31.280483427534982
68,Sea Sediment | Bergmann,Coast_Surface_Water,Sediment_Ocean,0.3144190130759856,-0.619506148330025,-2.627525348809148,-1.0,True,1334.8593797107026,0.269347719848156,2665.785176551722,31.280483427534982
100,Sea Sediment | Bergmann,Coast_Column_Water,Sediment_Ocean,0.319248692511871,-0.6696415941188809,-2.453297967065982,-1.0,True,1223.2946596421564,0.05489066895097494,6510.335737094087,18.29832679591263
112,Sea Sediment | Bergmann,Coast_Column_Water,Sediment_Ocean,0.33616885800533053,-0.8513134588112015,-2.51951489602798,-1.0,True,1170.6894410717405,0.16353187803179026,10975.160488344927,41.971349359963845
72,Sea Sediment | Bergmann,Coast_Surface_Water,Sediment_Ocean,0.3426997670039265,-0.9239448513231643,-2.492947066268985,-1.0,True,1170.6894410717405,0.16353187803179026,10975.160488344927,41.971349359963845
110,Sea Sediment | Bergmann,Coast_Column_Water,Sediment_Ocean,0.3464250371078989,-0.966000143053108,-2.973153149712631,-1.0,True,1095.598146211134,0.11857128143310547,5290.293207384369,4.260709514328003
116,Sea Sediment | Bergmann,Coast_Column_Water,Sediment_Ocean,0.3491504836445267,-0.9970562459879917,-2.6823405098549755,-1.0,True,1249.3237197546061,0.48601853754371405,8102.0548377264295,54.21994382845937
70,Sea Sediment | Bergmann,Coast_Surface_Water,Sediment_Ocean,0.3513090019558251,-1.0218249771225105,-2.9478500560928795,-1.0,True,1095.598146211134,0.11857128143310547,5290.293207384369,4.260709514328003
102,Sea Sediment | Bergmann,Coast_Column_Water,Sediment_Ocean,0.3557764094788071,-1.0735728436104477,-2.7074324025414334,-1.0,True,1112.1951702091762,0.3306289007887244,14492.228790489848,37.840555118580674
76,Sea Sediment | Bergmann,Coast_Surface_Water,Sediment_Ocean,0.3559573777499561,-1.0756828560770653,-2.655129055084355,-1.0,True,1249.3237197546061,0.48601853754371405,8102.0548377264295,54.21994382845937
62,Sea Sediment | Bergmann,Coast_Surface_Water,Sediment_Ocean,0.3613391149765596,-1.138922031250857,-2.6818500754033483,-1.0,True,1112.1951702091762,0.3306289007887244,14492.228790489848,37.840555118580674
114,Sea Sediment | Bergmann,Coast_Column_Water,Sediment_Ocean,0.3884407715814034,-1.471807337002995,-2.5208738214852833,-1.0,True,1038.8347327734473,0.4509955206885934,5968.470983069437,99.03512881364628
74,Sea Sediment | Bergmann,Coast_Surface_Water,Sediment_Ocean,0.39159653603113914,-1.5121333192742354,-2.501247090857222,-1.0,True,1038.8347327734473,0.4509955206885934,5968.470983069437,99.03512881364628
107,Sea Sediment | Bergmann,Coast_Column_Water,Sediment_Ocean,0.5192117305327165,-3.4162534791919272,-2.9749366788505,-1.0,True,1302.5857566121042,0.5395782608538866,9481.499850069624,12.343861837108888
67,Sea Sediment | Bergmann,Coast_Surface_Water,Sediment_Ocean,0.5265364863319055,-3.5417365920747566,-2.9475655431251466,-1.0,True,1302.5857566121042,0.5395782608538866,9481.499850069624,12.343861837108888
119,Sea Sediment | Bergmann,Coast_Column_Water,Sediment_Ocean,0.559646839664794,-4.130894820679476,-2.8406866075086907,-1.0,True,1161.6520193863762,0.5836473209783435,5394.3824984800585,25.560460500675028
79,Sea Sediment | Bergmann,Coast_Surface_Water,Sediment_Ocean,0.566532895366279,-4.257935626660734,-2.81409309574704,-1.0,True,1161.6520193863762,0.5836473209783435,5394.3824984800585,25.560460500675028
113,Sea Sediment | Bergmann,Coast_Column_Water,Sediment_Ocean,0.5701371087921121,-4.325049128555903,-2.8738609984072485,-1.0,True,1121.8133512477903,0.6033657537773252,3615.677397989515,22.326527525385192
73,Sea Sediment | Bergmann,Coast_Surface_Water,Sediment_Ocean,0.5767527544731416,-4.449345643621826,-2.847864766990311,-1.0,True,1121.8133512477903,0.6033657537773252,3615.677397989515,22.326527525385192
111,Sea Sediment | Bergmann,Coast_Column_Water,Sediment_Ocean,0.6792040694915145,-6.557280803658028,-2.5650845716072266,-1.0,True,1193.8882116574719,0.6794684045016766,7014.614289040168,66.50408224922234
41,Sea Surface all | Cai,Coast_Surface_Water,Coast_Surface_Water,0.24114552244554113,0.8333425329380245,-1.488331515341178,-1.0,True,1027.5319670423107,0.7408183021470904,4154.920691366332,47.15673042962145
1,Sea Surface all | Cai,Surface_Freshwater,Coast_Surface_Water,0.35979706222984154,0.6289934320273202,-1.7060206327008751,-1.0,True,1027.5319670423107,0.7408183021470904,4154.920691366332,47.15673042962145
3,Sea Surface all | Cai,Surface_Freshwater,Coast_Surface_Water,0.5619657081754696,0.0949220124877419,-1.8264915447311467,-1.0,True,1142.0435862712225,0.9025733647868037,3158.382174470359,79.69456262139977
57,Sea Surface all | Cai,Coast_Surface_Water,Coast_Surface_Water,0.604571389694798,-0.047518144421008435,-1.9258182076859434,-1.0,True,1052.6719218786097,0.8115330813452601,3073.41552049488,14.554328791386125
106,Sea Surface all | Cai,Impacted_Soil_Surface,Ocean_Surface_Water,0.6201026452652441,-0.1020303116439456,-2.718895971479288,-1.0,True,938.1999105069605,0.2247749101370573,1827.0909576901595,58.014555128786775
45,Sea Surface all | Cai,Coast_Surface_Water,Coast_Surface_Water,0.6349721018899098,-0.15551519609187303,-1.9757676773725823,-1.0,True,1067.1475829275753,0.8145831767469645,7649.971821573374,27.484250670786114
6,Sea Surface all | Cai,Surface_Freshwater,Coast_Surface_Water,0.6552707222895381,-0.2305744678478303,-0.9263486790200608,-1.0,True,938.1999105069605,0.2247749101370573,1827.0909576901595,58.014555128786775
26,Sea Surface all | Cai,Surface_Freshwater,Ocean_Surface_Water,0.6807158328723396,-0.32800000351509273,-1.2603508776700956,-1.0,True,938.1999105069605,0.2247749101370573,1827.0909576901595,58.014555128786775
109,Sea Surface all | Cai,Impacted_Soil_Surface,Ocean_Surface_Water,0.6992454624836855,-0.40128245953429054,-2.5241262729080054,-1.0,True,1011.0546938224201,0.9662006385624409,8317.906190875348,110.33241362955947
66,Sea Surface all | Cai,Coast_Surface_Water,Ocean_Surface_Water,0.7236109583770282,-0.5006404284005488,-0.7612382149157464,-1.0,True,938.1999105069605,0.2247749101370573,1827.0909576901595,58.014555128786775
89,Sea Surface all | Cai,Impacted_Soil_Surface,Coast_Surface_Water,0.8121074232016209,-0.8901372130618397,-2.6249755816724143,-1.0,True,1011.0546938224201,0.9662006385624409,8317.906190875348,110.33241362955947
5,Sea Surface all | Cai,Surface_Freshwater,Coast_Surface_Water,0.822953687669584,-0.9409625833115782,-2.3180486369263673,-1.0,True,1067.1475829275753,0.8145831767469645,7649.971821573374,27.484250670786114
86,Sea Surface all | Cai,Impacted_Soil_Surface,Coast_Surface_Water,0.836740757639491,-1.006541840364784,-2.8755767165161026,-1.0,True,938.1999105069605,0.2247749101370573,1827.0909576901595,58.014555128786775
17,Sea Surface all | Cai,Surface_Freshwater,Coast_Surface_Water,0.8485280624185342,-1.0634730053516366,-2.302898871042703,-1.0,True,1052.6719218786097,0.8115330813452601,3073.41552049488,14.554328791386125
61,Sea Surface all | Cai,Coast_Surface_Water,Ocean_Surface_Water,0.9153971711800549,-1.401516108706086,-2.6423714426934697,-1.0,True,1027.5319670423107,0.7408183021470904,4154.920691366332,47.15673042962145
15,Sea Surface all | Cai,Surface_Freshwater,Coast_Surface_Water,0.9510076621108741,-1.5919964600666452,-2.255539294221458,-1.0,True,1266.8602077145417,0.7534087570384145,4509.321025122595,33.63773384602314
11,Sea Surface all | Cai,Surface_Freshwater,Coast_Surface_Water,1.0022094771281238,-1.8786136639238444,-2.2519097268643424,-1.0,True,1193.8882116574719,0.6794684045016766,7014.614289040168,66.50408224922234
21,Sea Surface all | Cai,Surface_Freshwater,Ocean_Surface_Water,1.0794896265736924,-2.339668180245168,-2.794831438352526,-1.0,True,1027.5319670423107,0.7408183021470904,4154.920691366332,47.15673042962145
13,Sea Surface all | Cai,Surface_Freshwater,Coast_Surface_Water,1.1863768957352538,-3.033775583374066,-2.4252068718457442,-1.0,True,1121.8133512477903,0.6033657537773252,3615.677397989515,22.326527525385192
19,Sea Surface all | Cai,Surface_Freshwater,Coast_Surface_Water,1.233228032893415,-3.3586615623433644,-2.4713990642908206,-1.0,True,1161.6520193863762,0.5836473209783435,5394.3824984800585,25.560460500675028
7,Sea Surface Fragments | Enders,Ocean_Surface_Water,Coast_Surface_Water,0.28841809204307933,0.7152964986635792,-2.746604854535332,-1.0,True,1302.5857566121042,0.5395782608538866,9481.499850069624,12.343861837108888
13,Sea Surface Fragments | Enders,Ocean_Surface_Water,Coast_Surface_Water,0.2924862956538094,0.7072082378538166,-2.5879196270622273,-1.0,True,1121.8133512477903,0.6033657537773252,3615.677397989515,22.326527525385192
19,Sea Surface Fragments | Enders,Ocean_Surface_Water,Coast_Surface_Water,0.29715368522489394,0.6977891513806262,-2.5689851600798854,-1.0,True,1161.6520193863762,0.5836473209783435,5394.3824984800585,25.560460500675028
63,Sea Surface Fragments | Enders,Coast_Surface_Water,Ocean_Surface_Water,0.3277972837640472,0.6322450642922426,-3.1252053142588965,-1.0,True,1142.0435862712225,0.9025733647868037,3158.382174470359,79.69456262139977
77,Sea Surface Fragments | Enders,Coast_Surface_Water,Ocean_Surface_Water,0.3957878944842193,0.4638666506301955,-3.5574640551482637,-1.0,True,1052.6719218786097,0.8115330813452601,3073.41552049488,14.554328791386125
11,Sea Surface Fragments | Enders,Ocean_Surface_Water,Coast_Surface_Water,0.3976697762840293,0.4587561444920716,-2.3129884579359317,-1.0,True,1193.8882116574719,0.6794684045016766,7014.614289040168,66.50408224922234
65,Sea Surface Fragments | Enders,Coast_Surface_Water,Ocean_Surface_Water,0.4152768588125776,0.4097672942506644,-3.6462805422540905,-1.0,True,1067.1475829275753,0.8145831767469645,7649.971821573374,27.484250670786114
15,Sea Surface Fragments | Enders,Ocean_Surface_Water,Coast_Surface_Water,0.43685490956146455,0.34683598373343194,-2.3191024681247168,-1.0,True,1266.8602077145417,0.7534087570384145,4509.321025122595,33.63773384602314
17,Sea Surface Fragments | Enders,Ocean_Surface_Water,Coast_Surface_Water,0.4523405627697639,0.29970846431552123,-2.562515844662871,-1.0,True,1052.6719218786097,0.8115330813452601,3073.41552049488,14.554328791386125
75,Sea Surface Fragments | Enders,Coast_Surface_Water,Ocean_Surface_Water,0.46666845144855246,0.2546423847708449,-3.5399293100410802,-1.0,True,1266.8602077145417,0.7534087570384145,4509.321025122595,33.63773384602314
74,Sea Surface Fragments | Enders,Coast_Surface_Water,Ocean_Surface_Water,0.5024050948048249,0.13611510824006834,-3.3158739022154373,-1.0,True,1038.8347327734473,0.4509955206885934,5968.470983069437,99.03512881364628
71,Sea Surface Fragments | Enders,Coast_Surface_Water,Ocean_Surface_Water,0.5055134504228503,0.12539241344743757,-3.5621605813869643,-1.0,True,1193.8882116574719,0.6794684045016766,7014.614289040168,66.50408224922234
5,Sea Surface Fragments | Enders,Ocean_Surface_Water,Coast_Surface_Water,0.5290928159708777,0.041898459326927484,-2.470674956545921,-1.0,True,1067.1475829275753,0.8145831767469645,7649.971821573374,27.484250670786114
73,Sea Surface Fragments | Enders,Coast_Surface_Water,Ocean_Surface_Water,0.5908265465843122,-0.19472461079643444,-3.7297643024397393,-1.0,True,1121.8133512477903,0.6033657537773252,3615.677397989515,22.326527525385192
3,Sea Surface Fragments | Enders,Ocean_Surface_Water,Coast_Surface_Water,0.5955871377562072,-0.21405518894434628,-1.9818723391136692,-1.0,True,1142.0435862712225,0.9025733647868037,3158.382174470359,79.69456262139977
79,Sea Surface Fragments | Enders,Coast_Surface_Water,Ocean_Surface_Water,0.6319668060559606,-0.3668987437881479,-3.78394912553998,-1.0,True,1161.6520193863762,0.5836473209783435,5394.3824984800585,25.560460500675028
61,Sea Surface Fragments | Enders,Coast_Surface_Water,Ocean_Surface_Water,0.6828453774941124,-0.5958517960314145,-2.6423714426934697,-1.0,True,1027.5319670423107,0.7408183021470904,4154.920691366332,47.15673042962145
45,Sea Surface Fragments | Enders,Coast_Surface_Water,Coast_Surface_Water,0.7003735178453039,-0.6788320126272687,-1.9757676773725823,-1.0,True,1067.1475829275753,0.8145831767469645,7649.971821573374,27.484250670786114
57,Sea Surface Fragments | Enders,Coast_Surface_Water,Coast_Surface_Water,0.7138306541231803,-0.7439667360920565,-1.9258182076859434,-1.0,True,1052.6719218786097,0.8115330813452601,3073.41552049488,14.554328791386125
67,Sea Surface Fragments | Enders,Coast_Surface_Water,Ocean_Surface_Water,0.758657131342599,-0.969876041522804,-4.01741114695856,-1.0,True,1302.5857566121042,0.5395782608538866,9481.499850069624,12.343861837108888
66,Sea Surface Fibers | Enders,Coast_Surface_Water,Ocean_Surface_Water,0.39984011595016894,-0.02417708729896839,-0.7612382149157464,-1.0,True,938.1999105069605,0.2247749101370573,1827.0909576901595,58.014555128786775
6,Sea Surface Fibers | Enders,Ocean_Surface_Water,Coast_Surface_Water,0.41399697847133854,-0.0979856624952904,-0.7510990601442836,-1.0,True,938.1999105069605,0.2247749101370573,1827.0909576901595,58.014555128786775
41,Sea Surface Fibers | Enders,Coast_Surface_Water,Coast_Surface_Water,0.7994332064544509,-3.094177750435139,-1.488331515341178,-1.0,True,1027.5319670423107,0.7408183021470904,4154.920691366332,47.15673042962145
1,Sea Surface Fibers | Enders,Ocean_Surface_Water,Coast_Surface_Water,1.455762513772395,-12.576361397295125,-2.006863588768346,-1.0,True,1027.5319670423107,0.7408183021470904,4154.920691366332,47.15673042962145
57,Sea Surface Fibers | Enders,Coast_Surface_Water,Coast_Surface_Water,1.4782347035408272,-12.9987453572205,-1.9258182076859434,-1.0,True,1052.6719218786097,0.8115330813452601,3073.41552049488,14.554328791386125
45,Sea Surface Fibers | Enders,Coast_Surface_Water,Coast_Surface_Water,1.5360990315033114,-14.11613482573906,-1.9757676773725823,-1.0,True,1067.1475829275753,0.8145831767469645,7649.971821573374,27.484250670786114
3,Sea Surface Fibers | Enders,Ocean_Surface_Water,Coast_Surface_Water,1.6520663882242452,-16.48466505196761,-1.9818723391136692,-1.0,True,1142.0435862712225,0.9025733647868037,3158.382174470359,79.69456262139977
15,Sea Surface Fibers | Enders,Ocean_Surface_Water,Coast_Surface_Water,2.131605047573911,-28.108230554556854,-2.3191024681247168,-1.0,True,1266.8602077145417,0.7534087570384145,4509.321025122595,33.63773384602314
61,Sea Surface Fibers | Enders,Coast_Surface_Water,Ocean_Surface_Water,2.1611642026272517,-28.921120751561496,-2.6423714426934697,-1.0,True,1027.5319670423107,0.7408183021470904,4154.920691366332,47.15673042962145
5,Sea Surface Fibers | Enders,Ocean_Surface_Water,Coast_Surface_Water,2.1657941771397766,-29.04946122714739,-2.470674956545921,-1.0,True,1067.1475829275753,0.8145831767469645,7649.971821573374,27.484250670786114
11,Sea Surface Fibers | Enders,Ocean_Surface_Water,Coast_Surface_Water,2.174124154139568,-29.281055430710445,-2.3129884579359317,-1.0,True,1193.8882116574719,0.6794684045016766,7014.614289040168,66.50408224922234
17,Sea Surface Fibers | Enders,Ocean_Surface_Water,Coast_Surface_Water,2.3403285351573335,-34.0877873295519,-2.562515844662871,-1.0,True,1052.6719218786097,0.8115330813452601,3073.41552049488,14.554328791386125
19,Sea Surface Fibers | Enders,Ocean_Surface_Water,Coast_Surface_Water,2.5744235656702705,-41.45827353257865,-2.5689851600798854,-1.0,True,1161.6520193863762,0.5836473209783435,5394.3824984800585,25.560460500675028
13,Sea Surface Fibers | Enders,Ocean_Surface_Water,Coast_Surface_Water,2.6052029582399183,-42.47959113522655,-2.5879196270622273,-1.0,True,1121.8133512477903,0.6033657537773252,3615.677397989515,22.326527525385192
7,Sea Surface Fibers | Enders,Ocean_Surface_Water,Coast_Surface_Water,2.802528585862012,-49.31557364390428,-2.746604854535332,-1.0,True,1302.5857566121042,0.5395782608538866,9481.499850069624,12.343861837108888
63,Sea Surface Fibers | Enders,Coast_Surface_Water,Ocean_Surface_Water,3.197592362036007,-64.50108921914553,-3.1252053142588965,-1.0,True,1142.0435862712225,0.9025733647868037,3158.382174470359,79.69456262139977
77,Sea Surface Fibers | Enders,Coast_Surface_Water,Ocean_Surface_Water,3.613292126665862,-82.63893143614304,-3.5574640551482637,-1.0,True,1052.6719218786097,0.8115330813452601,3073.41552049488,14.554328791386125
74,Sea Surface Fibers | Enders,Coast_Surface_Water,Ocean_Surface_Water,3.718260190253248,-87.56902827290943,-3.3158739022154373,-1.0,True,1038.8347327734473,0.4509955206885934,5968.470983069437,99.03512881364628
65,Sea Surface Fibers | Enders,Coast_Surface_Water,Ocean_Surface_Water,3.7338195035199333,-88.31182544508786,-3.6462805422540905,-1.0,True,1067.1475829275753,0.8145831767469645,7649.971821573374,27.484250670786114
75,Sea Surface Fibers | Enders,Coast_Surface_Water,Ocean_Surface_Water,3.8212114176338114,-92.54152796512149,-3.5399293100410802,-1.0,True,1266.8602077145417,0.7534087570384145,4509.321025122595,33.63773384602314
46,Fragments in water | Eo,Surface_Freshwater,Bulk_Freshwater,0.28051001572740153,0.8370374491966504,-1.644560785205061,-1.0,True,938.1999105069605,0.2247749101370573,1827.0909576901595,58.014555128786775
26,Fragments in water | Eo,Impacted_Soil_Surface,Surface_Freshwater,0.836541102128355,-0.4493245116204987,-2.7762076868161647,-1.0,True,938.1999105069605,0.2247749101370573,1827.0909576901595,58.014555128786775
6,Fragments in water | Eo,Impacted_Soil_Surface,Bulk_Freshwater,1.4498237667660772,-3.353329085665994,-3.821401122716512,-1.0,True,938.1999105069605,0.2247749101370573,1827.0909576901595,58.014555128786775
3,Fragments in water | Eo,Impacted_Soil_Surface,Bulk_Freshwater,2.090637619846724,-8.052084322870995,-4.211522484028665,-1.0,True,1142.0435862712225,0.9025733647868037,3158.382174470359,79.69456262139977
23,Fragments in water | Eo,Impacted_Soil_Surface,Surface_Freshwater,2.0906456911039295,-8.05215421718568,-4.211530157032721,-1.0,True,1142.0435862712225,0.9025733647868037,3158.382174470359,79.69456262139977
29,Fragments in water | Eo,Impacted_Soil_Surface,Surface_Freshwater,2.1773832107650026,-8.818854139896981,-4.420015596471709,-1.0,True,1011.0546938224201,0.9662006385624409,8317.906190875348,110.33241362955947
9,Fragments in water | Eo,Impacted_Soil_Surface,Bulk_Freshwater,2.1773944797939397,-8.818955774958015,-4.420012159636367,-1.0,True,1011.0546938224201,0.9662006385624409,8317.906190875348,110.33241362955947
11,Fragments in water | Eo,Impacted_Soil_Surface,Bulk_Freshwater,2.260717248837645,-9.584822135905828,-4.351481803041817,-1.0,True,1193.8882116574719,0.6794684045016766,7014.614289040168,66.50408224922234
31,Fragments in water | Eo,Impacted_Soil_Surface,Surface_Freshwater,2.260727530179439,-9.584918411918874,-4.351491672626416,-1.0,True,1193.8882116574719,0.6794684045016766,7014.614289040168,66.50408224922234
15,Fragments in water | Eo,Impacted_Soil_Surface,Bulk_Freshwater,2.3030096843219368,-9.984558276607483,-4.4515860926323,-1.0,True,1266.8602077145417,0.7534087570384145,4509.321025122595,33.63773384602314
35,Fragments in water | Eo,Impacted_Soil_Surface,Surface_Freshwater,2.303020083169641,-9.984657474632819,-4.451595198922051,-1.0,True,1266.8602077145417,0.7534087570384145,4509.321025122595,33.63773384602314
18,Fragments in water | Eo,Impacted_Soil_Surface,Bulk_Freshwater,2.3455016602398513,-10.393641708519828,-3.8875081255874866,-1.0,True,1128.8726776753927,0.1514127915725112,6580.927246677368,257.631748879913
38,Fragments in water | Eo,Impacted_Soil_Surface,Surface_Freshwater,2.3455104236862327,-10.393726848305851,-3.887517705464324,-1.0,True,1128.8726776753927,0.1514127915725112,6580.927246677368,257.631748879913
21,Fragments in water | Eo,Impacted_Soil_Surface,Surface_Freshwater,2.3660998688854473,-10.594638477336924,-4.514617315684426,-1.0,True,1027.5319670423107,0.7408183021470904,4154.920691366332,47.15673042962145
1,Fragments in water | Eo,Impacted_Soil_Surface,Bulk_Freshwater,2.3661045139359773,-10.594684001818099,-4.514613581131451,-1.0,True,1027.5319670423107,0.7408183021470904,4154.920691366332,47.15673042962145
0,Fragments in water | Eo,Impacted_Soil_Surface,Bulk_Freshwater,2.40744917619552,-11.003428884999296,-4.086287888877041,-1.0,True,1223.2946596421564,0.05489066895097494,6510.335737094087,18.29832679591263
20,Fragments in water | Eo,Impacted_Soil_Surface,Surface_Freshwater,2.4074596729508024,-11.00353355788833,-4.086297642431084,-1.0,True,1223.2946596421564,0.05489066895097494,6510.335737094087,18.29832679591263
5,Fragments in water | Eo,Impacted_Soil_Surface,Bulk_Freshwater,2.4661029948731468,-11.595444253022247,-4.7040763247817585,-1.0,True,1067.1475829275753,0.8145831767469645,7649.971821573374,27.484250670786114
25,Fragments in water | Eo,Impacted_Soil_Surface,Surface_Freshwater,2.466108115940031,-11.595496564040532,-4.704085430204417,-1.0,True,1067.1475829275753,0.8145831767469645,7649.971821573374,27.484250670786114
12,Fragments in water | Eo,Impacted_Soil_Surface,Bulk_Freshwater,2.4727282798691057,-11.663211496932645,-4.23748617568361,-1.0,True,1170.6894410717405,0.16353187803179026,10975.160488344927,41.971349359963845
46,Fibers in water | Eo,Surface_Freshwater,Bulk_Freshwater,0.5185538719408672,-3.0143249104704566,-1.644560785205061,-1.0,True,938.1999105069605,0.2247749101370573,1827.0909576901595,58.014555128786775
26,Fibers in water | Eo,Impacted_Soil_Surface,Surface_Freshwater,1.6951237838190614,-41.89706632540647,-2.7762076868161647,-1.0,True,938.1999105069605,0.2247749101370573,1827.0909576901595,58.014555128786775
6,Fibers in water | Eo,Impacted_Soil_Surface,Bulk_Freshwater,2.4960633771641776,-92.0113556061124,-3.821401122716512,-1.0,True,938.1999105069605,0.2247749101370573,1827.0909576901595,58.014555128786775
3,Fibers in water | Eo,Impacted_Soil_Surface,Bulk_Freshwater,3.2108708704458886,-152.91127572644805,-4.211522484028665,-1.0,True,1142.0435862712225,0.9025733647868037,3158.382174470359,79.69456262139977
23,Fibers in water | Eo,Impacted_Soil_Surface,Surface_Freshwater,3.2108803156933208,-152.9121812329469,-4.211530157032721,-1.0,True,1142.0435862712225,0.9025733647868037,3158.382174470359,79.69456262139977
29,Fibers in water | Eo,Impacted_Soil_Surface,Surface_Freshwater,3.3327117353887434,-164.81364226059586,-4.420015596471709,-1.0,True,1011.0546938224201,0.9662006385624409,8317.906190875348,110.33241362955947
9,Fibers in water | Eo,Impacted_Soil_Surface,Bulk_Freshwater,3.332722664012772,-164.81472973414296,-4.420012159636367,-1.0,True,1011.0546938224201,0.9662006385624409,8317.906190875348,110.33241362955947
11,Fibers in water | Eo,Impacted_Soil_Surface,Bulk_Freshwater,3.406338449392855,-172.22092404579544,-4.351481803041817,-1.0,True,1193.8882116574719,0.6794684045016766,7014.614289040168,66.50408224922234
31,Fibers in water | Eo,Impacted_Soil_Surface,Surface_Freshwater,3.4063504958316533,-172.2221492317134,-4.351491672626416,-1.0,True,1193.8882116574719,0.6794684045016766,7014.614289040168,66.50408224922234
18,Fibers in water | Eo,Impacted_Soil_Surface,Bulk_Freshwater,3.4122176111488436,-172.81938053761965,-3.8875081255874866,-1.0,True,1128.8726776753927,0.1514127915725112,6580.927246677368,257.631748879913
38,Fibers in water | Eo,Impacted_Soil_Surface,Surface_Freshwater,3.412228124951336,-172.82045169172534,-3.887517705464324,-1.0,True,1128.8726776753927,0.1514127915725112,6580.927246677368,257.631748879913
15,Fibers in water | Eo,Impacted_Soil_Surface,Bulk_Freshwater,3.4655691845769057,-178.29736377064776,-4.4515860926323,-1.0,True,1266.8602077145417,0.7534087570384145,4509.321025122595,33.63773384602314
35,Fibers in water | Eo,Impacted_Soil_Surface,Surface_Freshwater,3.465581224159651,-178.2986095511137,-4.451595198922051,-1.0,True,1266.8602077145417,0.7534087570384145,4509.321025122595,33.63773384602314
0,Fibers in water | Eo,Impacted_Soil_Surface,Bulk_Freshwater,3.509651795165112,-182.8877585204281,-4.086287888877041,-1.0,True,1223.2946596421564,0.05489066895097494,6510.335737094087,18.29832679591263
20,Fibers in water | Eo,Impacted_Soil_Surface,Surface_Freshwater,3.5096640644304227,-182.88904421586003,-4.086297642431084,-1.0,True,1223.2946596421564,0.05489066895097494,6510.335737094087,18.29832679591263
21,Fibers in water | Eo,Impacted_Soil_Surface,Surface_Freshwater,3.539870502001692,-186.06800163884853,-4.514617315684426,-1.0,True,1027.5319670423107,0.7408183021470904,4154.920691366332,47.15673042962145
1,Fibers in water | Eo,Impacted_Soil_Surface,Bulk_Freshwater,3.5398746202386273,-186.06843690381177,-4.514613581131451,-1.0,True,1027.5319670423107,0.7408183021470904,4154.920691366332,47.15673042962145
12,Fibers in water | Eo,Impacted_Soil_Surface,Bulk_Freshwater,3.6016054833867974,-192.64979221119918,-4.23748617568361,-1.0,True,1170.6894410717405,0.16353187803179026,10975.160488344927,41.971349359963845
32,Fibers in water | Eo,Impacted_Soil_Surface,Surface_Freshwater,3.6016176003098885,-192.65109520987392,-4.237496578569148,-1.0,True,1170.6894410717405,0.16353187803179026,10975.160488344927,41.971349359963845
4,Fibers in water | Eo,Impacted_Soil_Surface,Bulk_Freshwater,3.6109815405910544,-193.65936136362546,-4.14680752110119,-1.0,True,1183.9458852736573,0.38726150058209896,4865.625691014622,162.6744239462293
149,Fragments in sediment | Eo,Surface_Freshwater,Beaches_Deep_Soil,0.1872718563211876,0.8658443852603126,-1.9888773045017827,-1.0,True,1011.0546938224201,0.9662006385624409,8317.906190875348,110.33241362955947
137,Fragments in sediment | Eo,Surface_Freshwater,Sediment_Coast,0.21046495649505267,0.830557086383082,-1.7579894744810813,-1.0,True,1052.6719218786097,0.8115330813452601,3073.41552049488,14.554328791386125
125,Fragments in sediment | Eo,Surface_Freshwater,Sediment_Coast,0.21921399629697147,0.8161767748052773,-1.6059265622563133,-1.0,True,1067.1475829275753,0.8145831767469645,7649.971821573374,27.484250670786114
135,Fragments in sediment | Eo,Surface_Freshwater,Sediment_Coast,0.22099255494845585,0.813181832118754,-1.6193360520103617,-1.0,True,1266.8602077145417,0.7534087570384145,4509.321025122595,33.63773384602314
121,Fragments in sediment | Eo,Surface_Freshwater,Sediment_Coast,0.22683611819732838,0.8031713851650351,-1.5558920260177587,-1.0,True,1027.5319670423107,0.7408183021470904,4154.920691366332,47.15673042962145
131,Fragments in sediment | Eo,Surface_Freshwater,Sediment_Coast,0.24062369955063403,0.7785168853420323,-1.5247422648639442,-1.0,True,1193.8882116574719,0.6794684045016766,7014.614289040168,66.50408224922234
169,Fragments in sediment | Eo,Surface_Freshwater,Beaches_Soil_Surface,0.2931281466297834,0.6713157703782214,-1.503714042076667,-1.0,True,1011.0546938224201,0.9662006385624409,8317.906190875348,110.33241362955947
133,Fragments in sediment | Eo,Surface_Freshwater,Sediment_Coast,0.3750296716562182,0.46198413521472403,-1.8100530528383154,-1.0,True,1121.8133512477903,0.6033657537773252,3615.677397989515,22.326527525385192
139,Fragments in sediment | Eo,Surface_Freshwater,Sediment_Coast,0.385388083120893,0.4318534346337619,-1.789353831187256,-1.0,True,1161.6520193863762,0.5836473209783435,5394.3824984800585,25.560460500675028
123,Fragments in sediment | Eo,Surface_Freshwater,Sediment_Coast,0.409840644051396,0.3574693140502925,-1.2367095600570452,-1.0,True,1142.0435862712225,0.9025733647868037,3158.382174470359,79.69456262139977
127,Fragments in sediment | Eo,Surface_Freshwater,Sediment_Coast,0.5286338822844848,-0.06899042092401886,-1.9683136750847188,-1.0,True,1302.5857566121042,0.5395782608538866,9481.499850069624,12.343861837108888
166,Fragments in sediment | Eo,Surface_Freshwater,Beaches_Soil_Surface,0.5405331299448196,-0.11765678235182664,-2.2478398838909115,-1.0,True,938.1999105069605,0.2247749101370573,1827.0909576901595,58.014555128786775
130,Fragments in sediment | Eo,Surface_Freshwater,Sediment_Coast,0.6494152178118298,-0.6132762686551567,-1.904991859691543,-1.0,True,1095.598146211134,0.11857128143310547,5290.293207384369,4.260709514328003
103,Fragments in sediment | Eo,Surface_Freshwater,Sediment_Ocean,0.7952281387841543,-1.4190636787739588,-2.3440864638568812,-1.0,True,1142.0435862712225,0.9025733647868037,3158.382174470359,79.69456262139977
101,Fragments in sediment | Eo,Surface_Freshwater,Sediment_Ocean,0.8210343518471604,-1.5786148496328707,-2.46160025661918,-1.0,True,1027.5319670423107,0.7408183021470904,4154.920691366332,47.15673042962145
146,Fragments in sediment | Eo,Surface_Freshwater,Beaches_Deep_Soil,0.9863786687743604,-2.7217840150040273,-3.024685533259879,-1.0,True,938.1999105069605,0.2247749101370573,1827.0909576901595,58.014555128786775
105,Fragments in sediment | Eo,Surface_Freshwater,Sediment_Ocean,1.0416389246491786,-3.1504790291896025,-2.714953568804277,-1.0,True,1067.1475829275753,0.8145831767469645,7649.971821573374,27.484250670786114
115,Fragments in sediment | Eo,Surface_Freshwater,Sediment_Ocean,1.0860625185080044,-3.512045542244632,-2.662078453201354,-1.0,True,1266.8602077145417,0.7534087570384145,4509.321025122595,33.63773384602314
111,Fragments in sediment | Eo,Surface_Freshwater,Sediment_Ocean,1.1145951932305904,-3.752237690385039,-2.582433134818589,-1.0,True,1193.8882116574719,0.6794684045016766,7014.614289040168,66.50408224922234
161,Fragments in sediment | Eo,Surface_Freshwater,Beaches_Soil_Surface,1.1194149980090642,-3.7934264222288565,-2.8041557727955277,-1.0,True,1027.5319670423107,0.7408183021470904,4154.920691366332,47.15673042962145
123,Fibers in sediment | Eo,Surface_Freshwater,Sediment_Coast,0.24694291453162612,-0.2388135211453637,-1.2367095600570452,-1.0,True,1142.0435862712225,0.9025733647868037,3158.382174470359,79.69456262139977
169,Fibers in sediment | Eo,Surface_Freshwater,Beaches_Soil_Surface,0.3774804320879126,-1.8946874931009825,-1.503714042076667,-1.0,True,1011.0546938224201,0.9662006385624409,8317.906190875348,110.33241362955947
125,Fibers in sediment | Eo,Surface_Freshwater,Sediment_Coast,0.5089564343104677,-4.2622807673653345,-1.6059265622563133,-1.0,True,1067.1475829275753,0.8145831767469645,7649.971821573374,27.484250670786114
121,Fibers in sediment | Eo,Surface_Freshwater,Sediment_Coast,0.5525357880103684,-5.2020265800795285,-1.5558920260177587,-1.0,True,1027.5319670423107,0.7408183021470904,4154.920691366332,47.15673042962145
135,Fibers in sediment | Eo,Surface_Freshwater,Sediment_Coast,0.5766501458500661,-5.7551906438795974,-1.6193360520103617,-1.0,True,1266.8602077145417,0.7534087570384145,4509.321025122595,33.63773384602314
131,Fibers in sediment | Eo,Surface_Freshwater,Sediment_Coast,0.5811049523385768,-5.859965806444401,-1.5247422648639442,-1.0,True,1193.8882116574719,0.6794684045016766,7014.614289040168,66.50408224922234
137,Fibers in sediment | Eo,Surface_Freshwater,Sediment_Coast,0.6211130733062609,-6.837077448225415,-1.7579894744810813,-1.0,True,1052.6719218786097,0.8115330813452601,3073.41552049488,14.554328791386125
149,Fibers in sediment | Eo,Surface_Freshwater,Beaches_Deep_Soil,0.6601031152082233,-7.851897213141003,-1.9888773045017827,-1.0,True,1011.0546938224201,0.9662006385624409,8317.906190875348,110.33241362955947
133,Fibers in sediment | Eo,Surface_Freshwater,Sediment_Coast,0.849225577394365,-13.650718695892923,-1.8100530528383154,-1.0,True,1121.8133512477903,0.6033657537773252,3615.677397989515,22.326527525385192
139,Fibers in sediment | Eo,Surface_Freshwater,Sediment_Coast,0.8555263441536989,-13.868925048317143,-1.789353831187256,-1.0,True,1161.6520193863762,0.5836473209783435,5394.3824984800585,25.560460500675028
127,Fibers in sediment | Eo,Surface_Freshwater,Sediment_Coast,1.0356123790603355,-20.787493164069982,-1.9683136750847188,-1.0,True,1302.5857566121042,0.5395782608538866,9481.499850069624,12.343861837108888
166,Fibers in sediment | Eo,Surface_Freshwater,Beaches_Soil_Surface,1.0968750714539235,-23.441459202978876,-2.2478398838909115,-1.0,True,938.1999105069605,0.2247749101370573,1827.0909576901595,58.014555128786775
130,Fibers in sediment | Eo,Surface_Freshwater,Sediment_Coast,1.1426653350612284,-25.524725768697024,-1.904991859691543,-1.0,True,1095.598146211134,0.11857128143310547,5290.293207384369,4.260709514328003
103,Fibers in sediment | Eo,Surface_Freshwater,Sediment_Ocean,1.3538726999188717,-36.23646626202366,-2.3440864638568812,-1.0,True,1142.0435862712225,0.9025733647868037,3158.382174470359,79.69456262139977
101,Fibers in sediment | Eo,Surface_Freshwater,Sediment_Ocean,1.396130347750494,-38.59722329560521,-2.46160025661918,-1.0,True,1027.5319670423107,0.7408183021470904,4154.920691366332,47.15673042962145
146,Fibers in sediment | Eo,Surface_Freshwater,Beaches_Deep_Soil,1.6323163554507218,-53.127935392376344,-3.024685533259879,-1.0,True,938.1999105069605,0.2247749101370573,1827.0909576901595,58.014555128786775
105,Fibers in sediment | Eo,Surface_Freshwater,Sediment_Ocean,1.641325311845282,-53.727061744816446,-2.714953568804277,-1.0,True,1067.1475829275753,0.8145831767469645,7649.971821573374,27.484250670786114
115,Fibers in sediment | Eo,Surface_Freshwater,Sediment_Ocean,1.6761763563362133,-56.075827715326916,-2.662078453201354,-1.0,True,1266.8602077145417,0.7534087570384145,4509.321025122595,33.63773384602314
111,Fibers in sediment | Eo,Surface_Freshwater,Sediment_Ocean,1.6924379888459877,-57.18865620060287,-2.582433134818589,-1.0,True,1193.8882116574719,0.6794684045016766,7014.614289040168,66.50408224922234
161,Fibers in sediment | Eo,Surface_Freshwater,Beaches_Soil_Surface,1.7272753228991218,-59.608834762510156,-2.8041557727955277,-1.0,True,1027.5319670423107,0.7408183021470904,4154.920691366332,47.15673042962145
5,Sea Surface all | Erni-Cassola,Coast_Surface_Water,Coast_Surface_Water,0.39451305264822095,-0.08505156002798442,-1.9757676773725823,-1.0,True,1067.1475829275753,0.8145831767469645,7649.971821573374,27.484250670786114
17,Sea Surface all | Erni-Cassola,Coast_Surface_Water,Coast_Surface_Water,0.4028927213842108,-0.13163524595372178,-1.9258182076859434,-1.0,True,1052.6719218786097,0.8115330813452601,3073.41552049488,14.554328791386125
23,Sea Surface all | Erni-Cassola,Coast_Surface_Water,Ocean_Surface_Water,0.40813072787359417,-0.16125129126239912,-3.1252053142588965,-1.0,True,1142.0435862712225,0.9025733647868037,3158.382174470359,79.69456262139977
21,Sea Surface all | Erni-Cassola,Coast_Surface_Water,Ocean_Surface_Water,0.44077769342749007,-0.35446204081447386,-2.6423714426934697,-1.0,True,1027.5319670423107,0.7408183021470904,4154.920691366332,47.15673042962145
37,Sea Surface all | Erni-Cassola,Coast_Surface_Water,Ocean_Surface_Water,0.47054367675646197,-0.5435741816640307,-3.5574640551482637,-1.0,True,1052.6719218786097,0.8115330813452601,3073.41552049488,14.554328791386125
25,Sea Surface all | Erni-Cassola,Coast_Surface_Water,Ocean_Surface_Water,0.5031499672326855,-0.7649098216629753,-3.6462805422540905,-1.0,True,1067.1475829275753,0.8145831767469645,7649.971821573374,27.484250670786114
61,Sea Surface all | Erni-Cassola,Impacted_Soil_Surface,Ocean_Surface_Water,0.5088851149503963,-0.8053737272199779,-4.101251017303882,-1.0,True,1027.5319670423107,0.7408183021470904,4154.920691366332,47.15673042962145
49,Sea Surface all | Erni-Cassola,Impacted_Soil_Surface,Coast_Surface_Water,0.5243522447984217,-0.9167871341847766,-2.6249755816724143,-1.0,True,1011.0546938224201,0.9662006385624409,8317.906190875348,110.33241362955947
41,Sea Surface all | Erni-Cassola,Impacted_Soil_Surface,Coast_Surface_Water,0.5276690584695741,-0.9411132758510985,-4.243710363084746,-1.0,True,1027.5319670423107,0.7408183021470904,4154.920691366332,47.15673042962145
63,Sea Surface all | Erni-Cassola,Impacted_Soil_Surface,Ocean_Surface_Water,0.5423843045053139,-1.050887553130356,-4.195594896824581,-1.0,True,1142.0435862712225,0.9025733647868037,3158.382174470359,79.69456262139977
43,Sea Surface all | Erni-Cassola,Impacted_Soil_Surface,Coast_Surface_Water,0.5628490415063943,-1.208571604516126,-4.2523039048272695,-1.0,True,1142.0435862712225,0.9025733647868037,3158.382174470359,79.69456262139977
69,Sea Surface all | Erni-Cassola,Impacted_Soil_Surface,Ocean_Surface_Water,0.5813409451998806,-1.3560768240109953,-2.5241262729080054,-1.0,True,1011.0546938224201,0.9662006385624409,8317.906190875348,110.33241362955947
71,Sea Surface all | Erni-Cassola,Impacted_Soil_Surface,Ocean_Surface_Water,0.608608235098772,-1.5822796425930035,-4.342330552590689,-1.0,True,1193.8882116574719,0.6794684045016766,7014.614289040168,66.50408224922234
35,Sea Surface all | Erni-Cassola,Coast_Surface_Water,Ocean_Surface_Water,0.6196807476373875,-1.6770940553700164,-3.5399293100410802,-1.0,True,1266.8602077145417,0.7534087570384145,4509.321025122595,33.63773384602314
75,Sea Surface all | Erni-Cassola,Impacted_Soil_Surface,Ocean_Surface_Water,0.6247077154846116,-1.7207044188073453,-4.448282920074299,-1.0,True,1266.8602077145417,0.7534087570384145,4509.321025122595,33.63773384602314
51,Sea Surface all | Erni-Cassola,Impacted_Soil_Surface,Coast_Surface_Water,0.6290140655226095,-1.7583434227170422,-4.390082639335201,-1.0,True,1193.8882116574719,0.6794684045016766,7014.614289040168,66.50408224922234
46,Sea Surface all | Erni-Cassola,Impacted_Soil_Surface,Coast_Surface_Water,0.629874181493293,-1.7658921165846628,-2.8755767165161026,-1.0,True,938.1999105069605,0.2247749101370573,1827.0909576901595,58.014555128786775
55,Sea Surface all | Erni-Cassola,Impacted_Soil_Surface,Coast_Surface_Water,0.6418946601030355,-1.872467661774301,-4.48905151761747,-1.0,True,1266.8602077145417,0.7534087570384145,4509.321025122595,33.63773384602314
65,Sea Surface all | Erni-Cassola,Impacted_Soil_Surface,Ocean_Surface_Water,0.6545623067332528,-1.9869613823378662,-4.650781588045836,-1.0,True,1067.1475829275753,0.8145831767469645,7649.971821573374,27.484250670786114
77,Sea Surface all | Erni-Cassola,Impacted_Soil_Surface,Ocean_Surface_Water,0.6602386349332553,-2.03899153820642,-4.670252155631267,-1.0,True,1052.6719218786097,0.8115330813452601,3073.41552049488,14.554328791386125
66,Fresh water sediments | Imhof,Impacted_Soil_Surface,Surface_Freshwater,0.2847743894690974,0.2190636277681398,-2.7762076868161647,-1.0,True,938.1999105069605,0.2247749101370573,1827.0909576901595,58.014555128786775
6,Fresh water sediments | Imhof,Surface_Freshwater,Bulk_Freshwater,0.631337266421656,-2.8382799091254722,-1.644560785205061,-1.0,True,938.1999105069605,0.2247749101370573,1827.0909576901595,58.014555128786775
46,Fresh water sediments | Imhof,Impacted_Soil_Surface,Bulk_Freshwater,0.6877589914596669,-3.554978647860339,-3.821401122716512,-1.0,True,938.1999105069605,0.2247749101370573,1827.0909576901595,58.014555128786775
43,Fresh water sediments | Imhof,Impacted_Soil_Surface,Bulk_Freshwater,1.249096741639677,-14.0247046197149,-4.211522484028665,-1.0,True,1142.0435862712225,0.9025733647868037,3158.382174470359,79.69456262139977
63,Fresh water sediments | Imhof,Impacted_Soil_Surface,Surface_Freshwater,1.2491034773847705,-14.024866661372549,-4.211530157032721,-1.0,True,1142.0435862712225,0.9025733647868037,3158.382174470359,79.69456262139977
69,Fresh water sediments | Imhof,Impacted_Soil_Surface,Surface_Freshwater,1.3000374755216353,-15.275170054989069,-4.420015596471709,-1.0,True,1011.0546938224201,0.9662006385624409,8317.906190875348,110.33241362955947
49,Fresh water sediments | Imhof,Impacted_Soil_Surface,Bulk_Freshwater,1.3000492983744816,-15.275466076941026,-4.420012159636367,-1.0,True,1011.0546938224201,0.9662006385624409,8317.906190875348,110.33241362955947
51,Fresh water sediments | Imhof,Impacted_Soil_Surface,Bulk_Freshwater,1.3949447589601112,-17.738197442609135,-4.351481803041817,-1.0,True,1193.8882116574719,0.6794684045016766,7014.614289040168,66.50408224922234
71,Fresh water sediments | Imhof,Impacted_Soil_Surface,Surface_Freshwater,1.394953348713635,-17.738428214461628,-4.351491672626416,-1.0,True,1193.8882116574719,0.6794684045016766,7014.614289040168,66.50408224922234
55,Fresh water sediments | Imhof,Impacted_Soil_Surface,Bulk_Freshwater,1.4200727442684797,-18.419362812865902,-4.4515860926323,-1.0,True,1266.8602077145417,0.7534087570384145,4509.321025122595,33.63773384602314
75,Fresh water sediments | Imhof,Impacted_Soil_Surface,Surface_Freshwater,1.4200815790774306,-18.41960444400034,-4.451595198922051,-1.0,True,1266.8602077145417,0.7534087570384145,4509.321025122595,33.63773384602314
61,Fresh water sediments | Imhof,Impacted_Soil_Surface,Surface_Freshwater,1.4723524034101791,-19.875521373975946,-4.514617315684426,-1.0,True,1027.5319670423107,0.7408183021470904,4154.920691366332,47.15673042962145
41,Fresh water sediments | Imhof,Impacted_Soil_Surface,Bulk_Freshwater,1.4723577023876688,-19.8756716357158,-4.514613581131451,-1.0,True,1027.5319670423107,0.7408183021470904,4154.920691366332,47.15673042962145
45,Fresh water sediments | Imhof,Impacted_Soil_Surface,Bulk_Freshwater,1.5396306428406847,-21.82689725515561,-4.7040763247817585,-1.0,True,1067.1475829275753,0.8145831767469645,7649.971821573374,27.484250670786114
65,Fresh water sediments | Imhof,Impacted_Soil_Surface,Surface_Freshwater,1.5396341864422305,-21.827002331684007,-4.704085430204417,-1.0,True,1067.1475829275753,0.8145831767469645,7649.971821573374,27.484250670786114
58,Fresh water sediments | Imhof,Impacted_Soil_Surface,Bulk_Freshwater,1.557014295850825,-22.345274881035838,-3.8875081255874866,-1.0,True,1128.8726776753927,0.1514127915725112,6580.927246677368,257.631748879913
78,Fresh water sediments | Imhof,Impacted_Soil_Surface,Surface_Freshwater,1.5570214975659749,-22.34549084104218,-3.887517705464324,-1.0,True,1128.8726776753927,0.1514127915725112,6580.927246677368,257.631748879913
59,Fresh water sediments | Imhof,Impacted_Soil_Surface,Bulk_Freshwater,1.5766942975444813,-22.939153283710432,-4.53885630483998,-1.0,True,1161.6520193863762,0.5836473209783435,5394.3824984800585,25.560460500675028
79,Fresh water sediments | Imhof,Impacted_Soil_Surface,Surface_Freshwater,1.5767022009089187,-22.939393279919226,-4.538865654620182,-1.0,True,1161.6520193863762,0.5836473209783435,5394.3824984800585,25.560460500675028
57,Fresh water sediments | Imhof,Impacted_Soil_Surface,Bulk_Freshwater,1.5855183131274493,-23.207855423180064,-4.749406975287569,-1.0,True,1052.6719218786097,0.8115330813452601,3073.41552049488,14.554328791386125
26,Sea Surface all | Isobe L1,Surface_Freshwater,Ocean_Surface_Water,0.21960789168055705,0.7178625589450303,-1.2603508776700956,-1.0,True,938.1999105069605,0.2247749101370573,1827.0909576901595,58.014555128786775
6,Sea Surface all | Isobe L1,Surface_Freshwater,Coast_Surface_Water,0.2732699271873187,0.5631337244863426,-0.9263486790200608,-1.0,True,938.1999105069605,0.2247749101370573,1827.0909576901595,58.014555128786775
66,Sea Surface all | Isobe L1,Coast_Surface_Water,Ocean_Surface_Water,0.3901343786831712,0.10958333006924437,-0.7612382149157464,-1.0,True,938.1999105069605,0.2247749101370573,1827.0909576901595,58.014555128786775
41,Sea Surface all | Isobe L1,Coast_Surface_Water,Coast_Surface_Water,1.0160641187163284,-5.039584582707549,-1.488331515341178,-1.0,True,1027.5319670423107,0.7408183021470904,4154.920691366332,47.15673042962145
1,Sea Surface all | Isobe L1,Surface_Freshwater,Coast_Surface_Water,1.3562066876245382,-9.760107274335818,-1.7060206327008751,-1.0,True,1027.5319670423107,0.7408183021470904,4154.920691366332,47.15673042962145
3,Sea Surface all | Isobe L1,Surface_Freshwater,Coast_Surface_Water,1.6635615624450992,-15.189841323653908,-1.8264915447311467,-1.0,True,1142.0435862712225,0.9025733647868037,3158.382174470359,79.69456262139977
57,Sea Surface all | Isobe L1,Coast_Surface_Water,Coast_Surface_Water,1.7795744777764086,-17.526661860010286,-1.9258182076859434,-1.0,True,1052.6719218786097,0.8115330813452601,3073.41552049488,14.554328791386125
45,Sea Surface all | Isobe L1,Coast_Surface_Water,Coast_Surface_Water,1.8466400112263979,-18.949376203946454,-1.9757676773725823,-1.0,True,1067.1475829275753,0.8145831767469645,7649.971821573374,27.484250670786114
5,Sea Surface all | Isobe L1,Surface_Freshwater,Coast_Surface_Water,2.2779480114065316,-29.35655289488851,-2.3180486369263673,-1.0,True,1067.1475829275753,0.8145831767469645,7649.971821573374,27.484250670786114
17,Sea Surface all | Isobe L1,Surface_Freshwater,Coast_Surface_Water,2.293964103510574,-29.78492311254126,-2.302898871042703,-1.0,True,1052.6719218786097,0.8115330813452601,3073.41552049488,14.554328791386125
15,Sea Surface all | Isobe L1,Surface_Freshwater,Coast_Surface_Water,2.366360093677209,-31.758688277685415,-2.255539294221458,-1.0,True,1266.8602077145417,0.7534087570384145,4509.321025122595,33.63773384602314
11,Sea Surface all | Isobe L1,Surface_Freshwater,Coast_Surface_Water,2.4160364230639906,-33.14851263093664,-2.2519097268643424,-1.0,True,1193.8882116574719,0.6794684045016766,7014.614289040168,66.50408224922234
61,Sea Surface all | Isobe L1,Coast_Surface_Water,Ocean_Surface_Water,2.5904301300973707,-38.25623127582628,-2.6423714426934697,-1.0,True,1027.5319670423107,0.7408183021470904,4154.920691366332,47.15673042962145
13,Sea Surface all | Isobe L1,Surface_Freshwater,Coast_Surface_Water,2.723220270056863,-42.384078774468456,-2.4252068718457442,-1.0,True,1121.8133512477903,0.6033657537773252,3615.677397989515,22.326527525385192
19,Sea Surface all | Isobe L1,Surface_Freshwater,Coast_Surface_Water,2.8026488458980325,-44.95176651601562,-2.4713990642908206,-1.0,True,1161.6520193863762,0.5836473209783435,5394.3824984800585,25.560460500675028
21,Sea Surface all | Isobe L1,Surface_Freshwater,Ocean_Surface_Water,2.86176475577136,-46.910720223552744,-2.794831438352526,-1.0,True,1027.5319670423107,0.7408183021470904,4154.920691366332,47.15673042962145
7,Sea Surface all | Isobe L1,Surface_Freshwater,Coast_Surface_Water,3.21397843505086,-59.429744045482906,-2.7339082483691914,-1.0,True,1302.5857566121042,0.5395782608538866,9481.499850069624,12.343861837108888
63,Sea Surface all | Isobe L1,Coast_Surface_Water,Ocean_Surface_Water,3.7338754048864615,-80.56136431141981,-3.1252053142588965,-1.0,True,1142.0435862712225,0.9025733647868037,3158.382174470359,79.69456262139977
23,Sea Surface all | Isobe L1,Surface_Freshwater,Ocean_Surface_Water,3.9972834003525235,-92.47483732632722,-3.3194793071027076,-1.0,True,1142.0435862712225,0.9025733647868037,3158.382174470359,79.69456262139977
77,Sea Surface all | Isobe L1,Coast_Surface_Water,Ocean_Surface_Water,4.229000789734884,-103.62618030899795,-3.5574640551482637,-1.0,True,1052.6719218786097,0.8115330813452601,3073.41552049488,14.554328791386125
6,Sea Surface all | Isobe L2,Surface_Freshwater,Coast_Surface_Water,0.1927395816278407,0.5401313957308609,-0.9263486790200608,-1.0,True,938.1999105069605,0.2247749101370573,1827.0909576901595,58.014555128786775
66,Sea Surface all | Isobe L2,Coast_Surface_Water,Ocean_Surface_Water,0.2488794725761033,0.2332212079534719,-0.7612382149157464,-1.0,True,938.1999105069605,0.2247749101370573,1827.0909576901595,58.014555128786775
26,Sea Surface all | Isobe L2,Surface_Freshwater,Ocean_Surface_Water,0.29568243200182737,-0.08228834155162867,-1.2603508776700956,-1.0,True,938.1999105069605,0.2247749101370573,1827.0909576901595,58.014555128786775
41,Sea Surface all | Isobe L2,Coast_Surface_Water,Coast_Surface_Water,1.1898229864812062,-16.524944318308517,-1.488331515341178,-1.0,True,1027.5319670423107,0.7408183021470904,4154.920691366332,47.15673042962145
1,Sea Surface all | Isobe L2,Surface_Freshwater,Coast_Surface_Water,1.550829181369517,-28.772812726303275,-1.7060206327008751,-1.0,True,1027.5319670423107,0.7408183021470904,4154.920691366332,47.15673042962145
3,Sea Surface all | Isobe L2,Surface_Freshwater,Coast_Surface_Water,1.8684480223550954,-42.2169365704067,-1.8264915447311467,-1.0,True,1142.0435862712225,0.9025733647868037,3158.382174470359,79.69456262139977
57,Sea Surface all | Isobe L2,Coast_Surface_Water,Coast_Surface_Water,1.9928580091140051,-48.163710162896614,-1.9258182076859434,-1.0,True,1052.6719218786097,0.8115330813452601,3073.41552049488,14.554328791386125
45,Sea Surface all | Isobe L2,Coast_Surface_Water,Coast_Surface_Water,2.064058579795092,-51.7394959194667,-1.9757676773725823,-1.0,True,1067.1475829275753,0.8145831767469645,7649.971821573374,27.484250670786114
5,Sea Surface all | Isobe L2,Surface_Freshwater,Coast_Surface_Water,2.522893954416006,-77.79341597075135,-2.3180486369263673,-1.0,True,1067.1475829275753,0.8145831767469645,7649.971821573374,27.484250670786114
17,Sea Surface all | Isobe L2,Surface_Freshwater,Coast_Surface_Water,2.537614828918334,-78.71560453041275,-2.302898871042703,-1.0,True,1052.6719218786097,0.8115330813452601,3073.41552049488,14.554328791386125
15,Sea Surface all | Isobe L2,Surface_Freshwater,Coast_Surface_Water,2.60590939407329,-83.06409848382891,-2.255539294221458,-1.0,True,1266.8602077145417,0.7534087570384145,4509.321025122595,33.63773384602314
11,Sea Surface all | Isobe L2,Surface_Freshwater,Coast_Surface_Water,2.6551604560157824,-86.27170881743658,-2.2519097268643424,-1.0,True,1193.8882116574719,0.6794684045016766,7014.614289040168,66.50408224922234
61,Sea Surface all | Isobe L2,Coast_Surface_Water,Ocean_Surface_Water,2.8608152653629975,-100.31449079008227,-2.6423714426934697,-1.0,True,1027.5319670423107,0.7408183021470904,4154.920691366332,47.15673042962145
13,Sea Surface all | Isobe L2,Surface_Freshwater,Coast_Surface_Water,2.9757319247605127,-108.6174122702247,-2.4252068718457442,-1.0,True,1121.8133512477903,0.6033657537773252,3615.677397989515,22.326527525385192
19,Sea Surface all | Isobe L2,Surface_Freshwater,Coast_Surface_Water,3.0587032172036164,-114.81548140201673,-2.4713990642908206,-1.0,True,1161.6520193863762,0.5836473209783435,5394.3824984800585,25.560460500675028
21,Sea Surface all | Isobe L2,Surface_Freshwater,Ocean_Surface_Water,3.1435450178034148,-121.32952945740878,-2.794831438352526,-1.0,True,1027.5319670423107,0.7408183021470904,4154.920691366332,47.15673042962145
7,Sea Surface all | Isobe L2,Surface_Freshwater,Coast_Surface_Water,3.490064847401581,-149.78527413126113,-2.7339082483691914,-1.0,True,1302.5857566121042,0.5395782608538866,9481.499850069624,12.343861837108888
63,Sea Surface all | Isobe L2,Coast_Surface_Water,Ocean_Surface_Water,4.039561059506424,-201.00414966872998,-3.1252053142588965,-1.0,True,1142.0435862712225,0.9025733647868037,3158.382174470359,79.69456262139977
23,Sea Surface all | Isobe L2,Surface_Freshwater,Ocean_Surface_Water,4.317503977713905,-229.7583525009553,-3.3194793071027076,-1.0,True,1142.0435862712225,0.9025733647868037,3158.382174470359,79.69456262139977
77,Sea Surface all | Isobe L2,Coast_Surface_Water,Ocean_Surface_Water,4.567080076734911,-257.2077002757934,-3.5574640551482637,-1.0,True,1052.6719218786097,0.8115330813452601,3073.41552049488,14.554328791386125
6,Sea Surface all | Isobe L3,Surface_Freshwater,Coast_Surface_Water,0.19630279405673506,0.512104633240611,-0.9263486790200608,-1.0,True,938.1999105069605,0.2247749101370573,1827.0909576901595,58.014555128786775
66,Sea Surface all | Isobe L3,Coast_Surface_Water,Ocean_Surface_Water,0.22529180833568888,0.3573647653093923,-0.7612382149157464,-1.0,True,938.1999105069605,0.2247749101370573,1827.0909576901595,58.014555128786775
26,Sea Surface all | Isobe L3,Surface_Freshwater,Ocean_Surface_Water,0.27230065535672054,0.061204271737356986,-1.2603508776700956,-1.0,True,938.1999105069605,0.2247749101370573,1827.0909576901595,58.014555128786775
41,Sea Surface all | Isobe L3,Coast_Surface_Water,Coast_Surface_Water,1.1201319487130899,-14.885910103301992,-1.488331515341178,-1.0,True,1027.5319670423107,0.7408183021470904,4154.920691366332,47.15673042962145
1,Sea Surface all | Isobe L3,Surface_Freshwater,Coast_Surface_Water,1.447681034232364,-25.53502501080228,-1.7060206327008751,-1.0,True,1027.5319670423107,0.7408183021470904,4154.920691366332,47.15673042962145
3,Sea Surface all | Isobe L3,Surface_Freshwater,Coast_Surface_Water,1.7464494533935973,-37.617643837447545,-1.8264915447311467,-1.0,True,1142.0435862712225,0.9025733647868037,3158.382174470359,79.69456262139977
57,Sea Surface all | Isobe L3,Coast_Surface_Water,Coast_Surface_Water,1.8557216382865778,-42.60129568169145,-1.9258182076859434,-1.0,True,1052.6719218786097,0.8115330813452601,3073.41552049488,14.554328791386125
45,Sea Surface all | Isobe L3,Coast_Surface_Water,Coast_Surface_Water,1.9192865764155822,-45.6394460256077,-1.9757676773725823,-1.0,True,1067.1475829275753,0.8145831767469645,7649.971821573374,27.484250670786114
5,Sea Surface all | Isobe L3,Surface_Freshwater,Coast_Surface_Water,2.3258888661030586,-67.4938614821562,-2.3180486369263673,-1.0,True,1067.1475829275753,0.8145831767469645,7649.971821573374,27.484250670786114
17,Sea Surface all | Isobe L3,Surface_Freshwater,Coast_Surface_Water,2.3428245709165925,-68.49495402204981,-2.302898871042703,-1.0,True,1052.6719218786097,0.8115330813452601,3073.41552049488,14.554328791386125
15,Sea Surface all | Isobe L3,Surface_Freshwater,Coast_Surface_Water,2.418012184616345,-73.0270940877959,-2.255539294221458,-1.0,True,1266.8602077145417,0.7534087570384145,4509.321025122595,33.63773384602314
11,Sea Surface all | Isobe L3,Surface_Freshwater,Coast_Surface_Water,2.4676920578643697,-76.10022728493878,-2.2519097268643424,-1.0,True,1193.8882116574719,0.6794684045016766,7014.614289040168,66.50408224922234
61,Sea Surface all | Isobe L3,Coast_Surface_Water,Ocean_Surface_Water,2.6146332527150062,-85.55562407875681,-2.6423714426934697,-1.0,True,1027.5319670423107,0.7408183021470904,4154.920691366332,47.15673042962145
13,Sea Surface all | Isobe L3,Surface_Freshwater,Coast_Surface_Water,2.7616126655420614,-95.56044606087566,-2.4252068718457442,-1.0,True,1121.8133512477903,0.6033657537773252,3615.677397989515,22.326527525385192
19,Sea Surface all | Isobe L3,Surface_Freshwater,Coast_Surface_Water,2.83748685607426,-100.9392534079374,-2.4713990642908206,-1.0,True,1161.6520193863762,0.5836473209783435,5394.3824984800585,25.560460500675028
21,Sea Surface all | Isobe L3,Surface_Freshwater,Ocean_Surface_Water,2.8738785917018403,-103.57083263979865,-2.794831438352526,-1.0,True,1027.5319670423107,0.7408183021470904,4154.920691366332,47.15673042962145
7,Sea Surface all | Isobe L3,Surface_Freshwater,Coast_Surface_Water,3.228607977996907,-130.97885699134397,-2.7339082483691914,-1.0,True,1302.5857566121042,0.5395782608538866,9481.499850069624,12.343861837108888
63,Sea Surface all | Isobe L3,Coast_Surface_Water,Ocean_Surface_Water,3.718342442036946,-174.0541855424521,-3.1252053142588965,-1.0,True,1142.0435862712225,0.9025733647868037,3158.382174470359,79.69456262139977
23,Sea Surface all | Isobe L3,Surface_Freshwater,Ocean_Surface_Water,3.9666118829846306,-198.21092351661815,-3.3194793071027076,-1.0,True,1142.0435862712225,0.9025733647868037,3158.382174470359,79.69456262139977
77,Sea Surface all | Isobe L3,Coast_Surface_Water,Ocean_Surface_Water,4.180065919727639,-220.22794897216315,-3.5574640551482637,-1.0,True,1052.6719218786097,0.8115330813452601,3073.41552049488,14.554328791386125
26,Sea Surface all | Isobe L4,Surface_Freshwater,Ocean_Surface_Water,0.21947267210734422,0.4967430467494113,-1.2603508776700956,-1.0,True,938.1999105069605,0.2247749101370573,1827.0909576901595,58.014555128786775
6,Sea Surface all | Isobe L4,Surface_Freshwater,Coast_Surface_Water,0.22883629625839066,0.4528848994746577,-0.9263486790200608,-1.0,True,938.1999105069605,0.2247749101370573,1827.0909576901595,58.014555128786775
66,Sea Surface all | Isobe L4,Coast_Surface_Water,Ocean_Surface_Water,0.31216298892387484,-0.01810296509932474,-0.7612382149157464,-1.0,True,938.1999105069605,0.2247749101370573,1827.0909576901595,58.014555128786775
41,Sea Surface all | Isobe L4,Coast_Surface_Water,Coast_Surface_Water,0.9617596579495465,-8.664112876122363,-1.488331515341178,-1.0,True,1027.5319670423107,0.7408183021470904,4154.920691366332,47.15673042962145
1,Sea Surface all | Isobe L4,Surface_Freshwater,Coast_Surface_Water,1.2689198832056667,-15.822761451692717,-1.7060206327008751,-1.0,True,1027.5319670423107,0.7408183021470904,4154.920691366332,47.15673042962145
3,Sea Surface all | Isobe L4,Surface_Freshwater,Coast_Surface_Water,1.5563573505212203,-24.307399670955256,-1.8264915447311467,-1.0,True,1142.0435862712225,0.9025733647868037,3158.382174470359,79.69456262139977
57,Sea Surface all | Isobe L4,Coast_Surface_Water,Coast_Surface_Water,1.6571251028854213,-27.690589652240888,-1.9258182076859434,-1.0,True,1052.6719218786097,0.8115330813452601,3073.41552049488,14.554328791386125
45,Sea Surface all | Isobe L4,Coast_Surface_Water,Coast_Surface_Water,1.7164008111755789,-29.77983615651378,-1.9757676773725823,-1.0,True,1067.1475829275753,0.8145831767469645,7649.971821573374,27.484250670786114
5,Sea Surface all | Isobe L4,Surface_Freshwater,Coast_Surface_Water,2.0940055563492397,-44.81255790872862,-2.3180486369263673,-1.0,True,1067.1475829275753,0.8145831767469645,7649.971821573374,27.484250670786114
17,Sea Surface all | Isobe L4,Surface_Freshwater,Coast_Surface_Water,2.112116060161725,-45.608426268359715,-2.302898871042703,-1.0,True,1052.6719218786097,0.8115330813452601,3073.41552049488,14.554328791386125
15,Sea Surface all | Isobe L4,Surface_Freshwater,Coast_Surface_Water,2.1909404907797203,-49.15220646979259,-2.255539294221458,-1.0,True,1266.8602077145417,0.7534087570384145,4509.321025122595,33.63773384602314
11,Sea Surface all | Isobe L4,Surface_Freshwater,Coast_Surface_Water,2.2407959107710167,-51.460628346665075,-2.2519097268643424,-1.0,True,1193.8882116574719,0.6794684045016766,7014.614289040168,66.50408224922234
61,Sea Surface all | Isobe L4,Coast_Surface_Water,Ocean_Surface_Water,2.355832187323254,-56.98525666442881,-2.6423714426934697,-1.0,True,1027.5319670423107,0.7408183021470904,4154.920691366332,47.15673042962145
13,Sea Surface all | Isobe L4,Surface_Freshwater,Coast_Surface_Water,2.520001186336873,-65.34838742768306,-2.4252068718457442,-1.0,True,1121.8133512477903,0.6033657537773252,3615.677397989515,22.326527525385192
19,Sea Surface all | Isobe L4,Surface_Freshwater,Coast_Surface_Water,2.5919732478077546,-69.19237076890624,-2.4713990642908206,-1.0,True,1161.6520193863762,0.5836473209783435,5394.3824984800585,25.560460500675028
21,Sea Surface all | Isobe L4,Surface_Freshwater,Ocean_Surface_Water,2.6021509160585214,-69.74468915310648,-2.794831438352526,-1.0,True,1027.5319670423107,0.7408183021470904,4154.920691366332,47.15673042962145
7,Sea Surface all | Isobe L4,Surface_Freshwater,Coast_Surface_Water,2.9610704026945553,-90.606512184182,-2.7339082483691914,-1.0,True,1302.5857566121042,0.5395782608538866,9481.499850069624,12.343861837108888
63,Sea Surface all | Isobe L4,Coast_Surface_Water,Ocean_Surface_Water,3.4182818061828915,-121.08002469570508,-3.1252053142588965,-1.0,True,1142.0435862712225,0.9025733647868037,3158.382174470359,79.69456262139977
23,Sea Surface all | Isobe L4,Surface_Freshwater,Ocean_Surface_Water,3.650437919823123,-138.22550946102828,-3.3194793071027076,-1.0,True,1142.0435862712225,0.9025733647868037,3158.382174470359,79.69456262139977
77,Sea Surface all | Isobe L4,Coast_Surface_Water,Ocean_Surface_Water,3.844328247725794,-153.40800332468388,-3.5574640551482637,-1.0,True,1052.6719218786097,0.8115330813452601,3073.41552049488,14.554328791386125
29,FP all | Scheurer,Impacted_Soil_Surface,Ocean_Surface_Water,2.8009083383475977,-22.756243972586546,-2.5241262729080054,-1.0,True,1011.0546938224201,0.9662006385624409,8317.906190875348,110.33241362955947
26,FP all | Scheurer,Impacted_Soil_Surface,Ocean_Surface_Water,2.861518550504443,-23.795513983782158,-2.718895971479288,-1.0,True,938.1999105069605,0.2247749101370573,1827.0909576901595,58.014555128786775
9,FP all | Scheurer,Impacted_Soil_Surface,Coast_Surface_Water,2.9972689489848197,-26.20391522948756,-2.6249755816724143,-1.0,True,1011.0546938224201,0.9662006385624409,8317.906190875348,110.33241362955947
6,FP all | Scheurer,Impacted_Soil_Surface,Coast_Surface_Water,3.2140975662799067,-30.282258157233017,-2.8755767165161026,-1.0,True,938.1999105069605,0.2247749101370573,1827.0909576901595,58.014555128786775
21,FP all | Scheurer,Impacted_Soil_Surface,Ocean_Surface_Water,5.23146937788651,-81.87572848302395,-4.101251017303882,-1.0,True,1027.5319670423107,0.7408183021470904,4154.920691366332,47.15673042962145
1,FP all | Scheurer,Impacted_Soil_Surface,Coast_Surface_Water,5.490220326659015,-90.27661598314194,-4.243710363084746,-1.0,True,1027.5319670423107,0.7408183021470904,4154.920691366332,47.15673042962145
23,FP all | Scheurer,Impacted_Soil_Surface,Ocean_Surface_Water,5.591437768749758,-93.67318222081897,-4.195594896824581,-1.0,True,1142.0435862712225,0.9025733647868037,3158.382174470359,79.69456262139977
38,FP all | Scheurer,Impacted_Soil_Surface,Ocean_Surface_Water,5.595906796362373,-93.82458018530484,-3.8687374489588655,-1.0,True,1128.8726776753927,0.1514127915725112,6580.927246677368,257.631748879913
3,FP all | Scheurer,Impacted_Soil_Surface,Coast_Surface_Water,5.696585797770251,-97.26735563642815,-4.2523039048272695,-1.0,True,1142.0435862712225,0.9025733647868037,3158.382174470359,79.69456262139977
18,FP all | Scheurer,Impacted_Soil_Surface,Coast_Surface_Water,5.706311777414114,-97.60319265320733,-3.9286404210002153,-1.0,True,1128.8726776753927,0.1514127915725112,6580.927246677368,257.631748879913
20,FP all | Scheurer,Impacted_Soil_Surface,Ocean_Surface_Water,5.839333790847362,-102.25392902538859,-4.079304671233072,-1.0,True,1223.2946596421564,0.05489066895097494,6510.335737094087,18.29832679591263
31,FP all | Scheurer,Impacted_Soil_Surface,Ocean_Surface_Water,5.8876212109217665,-103.96867283947054,-4.342330552590689,-1.0,True,1193.8882116574719,0.6794684045016766,7014.614289040168,66.50408224922234
0,FP all | Scheurer,Impacted_Soil_Surface,Coast_Surface_Water,5.920958535469658,-105.16076105212356,-4.123700792735623,-1.0,True,1223.2946596421564,0.05489066895097494,6510.335737094087,18.29832679591263
24,FP all | Scheurer,Impacted_Soil_Surface,Ocean_Surface_Water,5.9705188006405505,-106.94539609997048,-4.136720932890243,-1.0,True,1183.9458852736573,0.38726150058209896,4865.625691014622,162.6744239462293
11,FP all | Scheurer,Impacted_Soil_Surface,Coast_Surface_Water,5.975411183248547,-107.12237453988293,-4.390082639335201,-1.0,True,1193.8882116574719,0.6794684045016766,7014.614289040168,66.50408224922234
34,FP all | Scheurer,Impacted_Soil_Surface,Ocean_Surface_Water,6.005671698779095,-108.22024823328739,-4.254892145181974,-1.0,True,1038.8347327734473,0.4509955206885934,5968.470983069437,99.03512881364628
32,FP all | Scheurer,Impacted_Soil_Surface,Ocean_Surface_Water,6.011728990223935,-108.44067736796323,-4.225924653433014,-1.0,True,1170.6894410717405,0.16353187803179026,10975.160488344927,41.971349359963845
35,FP all | Scheurer,Impacted_Soil_Surface,Ocean_Surface_Water,6.018758101191387,-108.6967502531805,-4.448282920074299,-1.0,True,1266.8602077145417,0.7534087570384145,4509.321025122595,33.63773384602314
4,FP all | Scheurer,Impacted_Soil_Surface,Coast_Surface_Water,6.061087486480401,-110.2451508440213,-4.185854229690555,-1.0,True,1183.9458852736573,0.38726150058209896,4865.625691014622,162.6744239462293
15,FP all | Scheurer,Impacted_Soil_Surface,Coast_Surface_Water,6.093963458500253,-111.45523442818596,-4.48905151761747,-1.0,True,1266.8602077145417,0.7534087570384145,4509.321025122595,33.63773384602314
41,Sea Surface Fragments | Song,Surface_Freshwater,Coast_Surface_Water,0.3827113306521053,0.7274367109719293,-1.7060206327008751,-1.0,True,1027.5319670423107,0.7408183021470904,4154.920691366332,47.15673042962145
43,Sea Surface Fragments | Song,Surface_Freshwater,Coast_Surface_Water,0.5367269102100288,0.4639177084455498,-1.8264915447311467,-1.0,True,1142.0435862712225,0.9025733647868037,3158.382174470359,79.69456262139977
26,Sea Surface Fragments | Song,Impacted_Soil_Surface,Ocean_Surface_Water,0.6502118758199474,0.21325405065698055,-2.718895971479288,-1.0,True,938.1999105069605,0.2247749101370573,1827.0909576901595,58.014555128786775
29,Sea Surface Fragments | Song,Impacted_Soil_Surface,Ocean_Surface_Water,0.7211494630560923,0.032223015217393014,-2.5241262729080054,-1.0,True,1011.0546938224201,0.9662006385624409,8317.906190875348,110.33241362955947
45,Sea Surface Fragments | Song,Surface_Freshwater,Coast_Surface_Water,0.8271544624708402,-0.27320388434388754,-2.3180486369263673,-1.0,True,1067.1475829275753,0.8145831767469645,7649.971821573374,27.484250670786114
9,Sea Surface Fragments | Song,Impacted_Soil_Surface,Coast_Surface_Water,0.8470926585152634,-0.335323697882574,-2.6249755816724143,-1.0,True,1011.0546938224201,0.9662006385624409,8317.906190875348,110.33241362955947
57,Sea Surface Fragments | Song,Surface_Freshwater,Coast_Surface_Water,0.8510600058042962,-0.34786093011256436,-2.302898871042703,-1.0,True,1052.6719218786097,0.8115330813452601,3073.41552049488,14.554328791386125
6,Sea Surface Fragments | Song,Impacted_Soil_Surface,Coast_Surface_Water,0.8957572958311557,-0.4931568431595521,-2.8755767165161026,-1.0,True,938.1999105069605,0.2247749101370573,1827.0909576901595,58.014555128786775
66,Sea Surface Fragments | Song,Surface_Freshwater,Ocean_Surface_Water,0.9392234384964859,-0.641581936513713,-1.2603508776700956,-1.0,True,938.1999105069605,0.2247749101370573,1827.0909576901595,58.014555128786775
55,Sea Surface Fragments | Song,Surface_Freshwater,Coast_Surface_Water,0.947668758709949,-0.6712362538189041,-2.255539294221458,-1.0,True,1266.8602077145417,0.7534087570384145,4509.321025122595,33.63773384602314
46,Sea Surface Fragments | Song,Surface_Freshwater,Coast_Surface_Water,0.975059167029434,-0.7692396354255513,-0.9263486790200608,-1.0,True,938.1999105069605,0.2247749101370573,1827.0909576901595,58.014555128786775
51,Sea Surface Fragments | Song,Surface_Freshwater,Coast_Surface_Water,0.998131104684565,-0.8539580375319409,-2.2519097268643424,-1.0,True,1193.8882116574719,0.6794684045016766,7014.614289040168,66.50408224922234
61,Sea Surface Fragments | Song,Surface_Freshwater,Ocean_Surface_Water,1.1422325604076142,-1.4279167578148138,-2.794831438352526,-1.0,True,1027.5319670423107,0.7408183021470904,4154.920691366332,47.15673042962145
53,Sea Surface Fragments | Song,Surface_Freshwater,Coast_Surface_Water,1.2047139211216882,-1.7008009548581868,-2.4252068718457442,-1.0,True,1121.8133512477903,0.6033657537773252,3615.677397989515,22.326527525385192
59,Sea Surface Fragments | Song,Surface_Freshwater,Coast_Surface_Water,1.2580485173400937,-1.945231937364508,-2.4713990642908206,-1.0,True,1161.6520193863762,0.5836473209783435,5394.3824984800585,25.560460500675028
47,Sea Surface Fragments | Song,Surface_Freshwater,Coast_Surface_Water,1.524640500824918,-3.325732159014879,-2.7339082483691914,-1.0,True,1302.5857566121042,0.5395782608538866,9481.499850069624,12.343861837108888
63,Sea Surface Fragments | Song,Surface_Freshwater,Ocean_Surface_Water,1.9960757545571899,-6.414446908241029,-3.3194793071027076,-1.0,True,1142.0435862712225,0.9025733647868037,3158.382174470359,79.69456262139977
21,Sea Surface Fragments | Song,Impacted_Soil_Surface,Ocean_Surface_Water,2.1230487374354445,-7.387733993762129,-4.101251017303882,-1.0,True,1027.5319670423107,0.7408183021470904,4154.920691366332,47.15673042962145
1,Sea Surface Fragments | Song,Impacted_Soil_Surface,Coast_Surface_Water,2.2910915659051208,-8.76808913361702,-4.243710363084746,-1.0,True,1027.5319670423107,0.7408183021470904,4154.920691366332,47.15673042962145
77,Sea Surface Fragments | Song,Surface_Freshwater,Ocean_Surface_Water,2.2979134303389586,-8.826345894782117,-3.7411528651782135,-1.0,True,1052.6719218786097,0.8115330813452601,3073.41552049488,14.554328791386125
66,Sea Surface Fibers | Song,Surface_Freshwater,Ocean_Surface_Water,0.2424499127822325,0.3417078231026488,-1.2603508776700956,-1.0,True,938.1999105069605,0.2247749101370573,1827.0909576901595,58.014555128786775
46,Sea Surface Fibers | Song,Surface_Freshwater,Coast_Surface_Water,0.274691153833547,0.15498585900419604,-0.9263486790200608,-1.0,True,938.1999105069605,0.2247749101370573,1827.0909576901595,58.014555128786775
41,Sea Surface Fibers | Song,Surface_Freshwater,Coast_Surface_Water,0.8605336943277294,-7.292975632420331,-1.7060206327008751,-1.0,True,1027.5319670423107,0.7408183021470904,4154.920691366332,47.15673042962145
43,Sea Surface Fibers | Song,Surface_Freshwater,Coast_Surface_Water,1.1133175652322744,-12.88074422931089,-1.8264915447311467,-1.0,True,1142.0435862712225,0.9025733647868037,3158.382174470359,79.69456262139977
26,Sea Surface Fibers | Song,Impacted_Soil_Surface,Ocean_Surface_Water,1.3707695872232997,-20.042801101280975,-2.718895971479288,-1.0,True,938.1999105069605,0.2247749101370573,1827.0909576901595,58.014555128786775
29,Sea Surface Fibers | Song,Impacted_Soil_Surface,Ocean_Surface_Water,1.4216657458152346,-21.634433456812474,-2.5241262729080054,-1.0,True,1011.0546938224201,0.9662006385624409,8317.906190875348,110.33241362955947
45,Sea Surface Fibers | Song,Surface_Freshwater,Coast_Surface_Water,1.50558546551893,-24.385484501081546,-2.3180486369263673,-1.0,True,1067.1475829275753,0.8145831767469645,7649.971821573374,27.484250670786114
57,Sea Surface Fibers | Song,Surface_Freshwater,Coast_Surface_Water,1.5282366248204213,-25.155066982931533,-2.302898871042703,-1.0,True,1052.6719218786097,0.8115330813452601,3073.41552049488,14.554328791386125
9,Sea Surface Fibers | Song,Impacted_Soil_Surface,Coast_Surface_Water,1.5604252761032826,-26.26845817302313,-2.6249755816724143,-1.0,True,1011.0546938224201,0.9662006385624409,8317.906190875348,110.33241362955947
55,Sea Surface Fibers | Song,Surface_Freshwater,Coast_Surface_Water,1.6213530399835523,-28.439457988995304,-2.255539294221458,-1.0,True,1266.8602077145417,0.7534087570384145,4509.321025122595,33.63773384602314
6,Sea Surface Fibers | Song,Impacted_Soil_Surface,Coast_Surface_Water,1.6333339533744988,-28.876148531692156,-2.8755767165161026,-1.0,True,938.1999105069605,0.2247749101370573,1827.0909576901595,58.014555128786775
51,Sea Surface Fibers | Song,Surface_Freshwater,Coast_Surface_Water,1.6724048724116145,-30.322576447708556,-2.2519097268643424,-1.0,True,1193.8882116574719,0.6794684045016766,7014.614289040168,66.50408224922234
61,Sea Surface Fibers | Song,Surface_Freshwater,Ocean_Surface_Water,1.8729173530128551,-38.28365213064021,-2.794831438352526,-1.0,True,1027.5319670423107,0.7408183021470904,4154.920691366332,47.15673042962145
53,Sea Surface Fibers | Song,Surface_Freshwater,Coast_Surface_Water,1.9003317316575306,-39.4420787053414,-2.4252068718457442,-1.0,True,1121.8133512477903,0.6033657537773252,3615.677397989515,22.326527525385192
59,Sea Surface Fibers | Song,Surface_Freshwater,Coast_Surface_Water,1.9586180833554987,-41.96097700200924,-2.4713990642908206,-1.0,True,1161.6520193863762,0.5836473209783435,5394.3824984800585,25.560460500675028
47,Sea Surface Fibers | Song,Surface_Freshwater,Coast_Surface_Water,2.2498455202703678,-55.686550293089574,-2.7339082483691914,-1.0,True,1302.5857566121042,0.5395782608538866,9481.499850069624,12.343861837108888
63,Sea Surface Fibers | Song,Surface_Freshwater,Ocean_Surface_Water,2.7654939896590496,-84.64856035807183,-3.3194793071027076,-1.0,True,1142.0435862712225,0.9025733647868037,3158.382174470359,79.69456262139977
21,Sea Surface Fibers | Song,Impacted_Soil_Surface,Ocean_Surface_Water,2.941174504303727,-95.87600362571621,-4.101251017303882,-1.0,True,1027.5319670423107,0.7408183021470904,4154.920691366332,47.15673042962145
77,Sea Surface Fibers | Song,Surface_Freshwater,Ocean_Surface_Water,3.0944891472678533,-106.2389510654409,-3.7411528651782135,-1.0,True,1052.6719218786097,0.8115330813452601,3073.41552049488,14.554328791386125
65,Sea Surface Fibers | Song,Surface_Freshwater,Ocean_Surface_Water,3.114227626507695,-107.61138095443995,-3.781488443048479,-1.0,True,1067.1475829275753,0.8145831767469645,7649.971821573374,27.484250670786114
46,Sea Surface all | Zhang,Surface_Freshwater,Coast_Surface_Water,0.40384357572930607,0.6830500032552409,-0.9263486790200608,-1.0,True,938.1999105069605,0.2247749101370573,1827.0909576901595,58.014555128786775
66,Sea Surface all | Zhang,Surface_Freshwater,Ocean_Surface_Water,0.4127588526140373,0.6689015196051995,-1.2603508776700956,-1.0,True,938.1999105069605,0.2247749101370573,1827.0909576901595,58.014555128786775
26,Sea Surface all | Zhang,Coast_Surface_Water,Ocean_Surface_Water,0.45624457441188,0.5954615367652605,-0.7612382149157464,-1.0,True,938.1999105069605,0.2247749101370573,1827.0909576901595,58.014555128786775
1,Sea Surface all | Zhang,Coast_Surface_Water,Coast_Surface_Water,1.255261386780016,-2.062194229577882,-1.488331515341178,-1.0,True,1027.5319670423107,0.7408183021470904,4154.920691366332,47.15673042962145
41,Sea Surface all | Zhang,Surface_Freshwater,Coast_Surface_Water,1.6086098692368622,-4.028817236339881,-1.7060206327008751,-1.0,True,1027.5319670423107,0.7408183021470904,4154.920691366332,47.15673042962145
43,Sea Surface all | Zhang,Surface_Freshwater,Coast_Surface_Water,1.924554236553428,-6.1982131675305885,-1.8264915447311467,-1.0,True,1142.0435862712225,0.9025733647868037,3158.382174470359,79.69456262139977
17,Sea Surface all | Zhang,Coast_Surface_Water,Coast_Surface_Water,2.048384722250276,-7.1543143676038525,-1.9258182076859434,-1.0,True,1052.6719218786097,0.8115330813452601,3073.41552049488,14.554328791386125
5,Sea Surface all | Zhang,Coast_Surface_Water,Coast_Surface_Water,2.119517658961777,-7.730487060977595,-1.9757676773725823,-1.0,True,1067.1475829275753,0.8145831767469645,7649.971821573374,27.484250670786114
45,Sea Surface all | Zhang,Surface_Freshwater,Coast_Surface_Water,2.5808085828912666,-11.94422290851271,-2.3180486369263673,-1.0,True,1067.1475829275753,0.8145831767469645,7649.971821573374,27.484250670786114
57,Sea Surface all | Zhang,Surface_Freshwater,Coast_Surface_Water,2.5953123404689062,-12.09012090909919,-2.302898871042703,-1.0,True,1052.6719218786097,0.8115330813452601,3073.41552049488,14.554328791386125
55,Sea Surface all | Zhang,Surface_Freshwater,Coast_Surface_Water,2.6630011249413363,-12.781836527804442,-2.255539294221458,-1.0,True,1266.8602077145417,0.7534087570384145,4509.321025122595,33.63773384602314
51,Sea Surface all | Zhang,Surface_Freshwater,Coast_Surface_Water,2.712197052500906,-13.295747663881977,-2.2519097268643424,-1.0,True,1193.8882116574719,0.6794684045016766,7014.614289040168,66.50408224922234
21,Sea Surface all | Zhang,Coast_Surface_Water,Ocean_Surface_Water,2.9245392729901716,-15.621848133117243,-2.6423714426934697,-1.0,True,1027.5319670423107,0.7408183021470904,4154.920691366332,47.15673042962145
53,Sea Surface all | Zhang,Surface_Freshwater,Coast_Surface_Water,3.034845426225675,-16.899361801671073,-2.4252068718457442,-1.0,True,1121.8133512477903,0.6033657537773252,3615.677397989515,22.326527525385192
59,Sea Surface all | Zhang,Surface_Freshwater,Coast_Surface_Water,3.118475992330348,-17.899451680399284,-2.4713990642908206,-1.0,True,1161.6520193863762,0.5836473209783435,5394.3824984800585,25.560460500675028
61,Sea Surface all | Zhang,Surface_Freshwater,Ocean_Surface_Water,3.210393712163389,-19.030001725455197,-2.794831438352526,-1.0,True,1027.5319670423107,0.7408183021470904,4154.920691366332,47.15673042962145
47,Sea Surface all | Zhang,Surface_Freshwater,Coast_Surface_Water,3.5543194755393324,-23.551459635201468,-2.7339082483691914,-1.0,True,1302.5857566121042,0.5395782608538866,9481.499850069624,12.343861837108888
23,Sea Surface all | Zhang,Coast_Surface_Water,Ocean_Surface_Water,4.112484947979156,-31.867981758921715,-3.1252053142588965,-1.0,True,1142.0435862712225,0.9025733647868037,3158.382174470359,79.69456262139977
63,Sea Surface all | Zhang,Surface_Freshwater,Ocean_Surface_Water,4.395308261069892,-36.544218881744996,-3.3194793071027076,-1.0,True,1142.0435862712225,0.9025733647868037,3158.382174470359,79.69456262139977
37,Sea Surface all | Zhang,Coast_Surface_Water,Ocean_Surface_Water,4.651851258817788,-41.05484476389722,-3.5574640551482637,-1.0,True,1052.6719218786097,0.8115330813452601,3073.41552049488,14.554328791386125
